{"minzoom":0,"maxzoom":9,"center":[89.648437,27.371327,9.0],"bounds":[88.746041,26.700656,92.124754,28.247679]}