{"minzoom":0,"maxzoom":8,"center":[90.703125,27.681753,8.0],"bounds":[88.746041,26.700656,92.124754,28.247679]}